DELETE FROM "RECOLTE";
DELETE FROM "SAUNIER";
DELETE FROM "PROPRIETE";
DELETE FROM "CARREAU";
DELETE FROM "MARAIS";
DELETE FROM "PROPRIETAIRE";



INSERT INTO "PROPRIETAIRE" ("IDPRO", "NOMPRO", "PRENOMPRO")
VALUES (0, 'Position', 'Paul');
INSERT INTO "PROPRIETAIRE" ("IDPRO", "NOMPRO", "PRENOMPRO")
VALUES (1, 'Martin', 'Jean');

INSERT INTO "MARAIS" ("IDMAR", "NOMMAR", "ADRMAR")
VALUES (0, 'Nommar0', 'Adrmar0');
INSERT INTO "MARAIS" ("IDMAR", "NOMMAR", "ADRMAR")
VALUES (1, 'Nommar1', 'Adrmar1');
INSERT INTO "MARAIS" ("IDMAR", "NOMMAR", "ADRMAR")
VALUES (2, 'Nommar2', 'Adrmar2');

INSERT INTO "CARREAU" ("IDCAR", "IDMAR", "NUMEMP")
VALUES (0, 0, 1);
INSERT INTO "CARREAU" ("IDCAR", "IDMAR", "NUMEMP")
VALUES (1, 1, 1);
INSERT INTO "CARREAU" ("IDCAR", "IDMAR", "NUMEMP")
VALUES (2, 2, 1);

INSERT INTO "PROPRIETE" ("IDPRO", "IDMAR")
VALUES (0, 0);
INSERT INTO "PROPRIETE" ("IDPRO", "IDMAR")
VALUES (0, 1);
INSERT INTO "PROPRIETE" ("IDPRO", "IDMAR")
VALUES (1, 1);
INSERT INTO "PROPRIETE" ("IDPRO", "IDMAR")
VALUES (1, 2);

INSERT INTO "SAUNIER" ("IDSAU", "NOMSAU", "PRENOMSAU")
VALUES (0, 'De Compostelle', 'Jacques');
INSERT INTO "SAUNIER" ("IDSAU", "NOMSAU", "PRENOMSAU")
VALUES (1, 'NomSaun1', 'PrenomSaun1');
INSERT INTO "SAUNIER" ("IDSAU", "NOMSAU", "PRENOMSAU")
VALUES (2, 'NomSaun2', 'PrenomSaun2');

-- Domaine valide

-- Récoltes de Jacques qui a récolté chez Mr Martin et Mr Position
INSERT INTO "RECOLTE" ("IDREC", "IDCAR", "IDSAU", "DATEREC", "TYPESEL", "QTESEL")
VALUES (0, 0, 0, TO_DATE('03/07/2014', 'DD/MM/YYYY'), 'gros', 2.5);
INSERT INTO "RECOLTE" ("IDREC", "IDCAR", "IDSAU", "DATEREC", "TYPESEL", "QTESEL")
VALUES (1, 2, 0, TO_DATE('04/07/2014', 'DD/MM/YYYY'), 'fleur', 2.5);

-- Récoltes du saunier 1 qui n'a récolté que chez Mr Martin
INSERT INTO "RECOLTE" ("IDREC", "IDCAR", "IDSAU", "DATEREC", "TYPESEL", "QTESEL")
VALUES (2, 0, 1, TO_DATE('03/07/2014', 'DD/MM/YYYY'), 'gros', 4.0);
INSERT INTO "RECOLTE" ("IDREC", "IDCAR", "IDSAU", "DATEREC", "TYPESEL", "QTESEL")
VALUES (3, 1, 1, TO_DATE('05/07/2014', 'DD/MM/YYYY'), 'gros', 4.0);

-- Domaine invalide

-- Récoltes du saunier 2 qui n'a jamais récolté chez Mr Martin
INSERT INTO "RECOLTE" ("IDREC", "IDCAR", "IDSAU", "DATEREC", "TYPESEL", "QTESEL")
VALUES (4, 2, 2, TO_DATE('25/07/2014', 'DD/MM/YYYY'), 'fleur', 4.0);
